,classes,class_name
0,941,WAR
1,941,PAL
2,941,RNG
3,941,DRU
4,941,BRD
5,941,ROG
6,941,SHM
0,15773,WAR
1,15773,RNG
2,15773,BRD
3,15773,NEC
4,15773,WIZ
5,15773,SHD
6,15773,ENC
7,15773,MAG
8,15773,ROG
9,15773,PAL
0,16,SHD
0,385,WAR
1,385,BRD
2,385,ROG
0,277,WAR
1,277,PAL
2,277,SHD
3,277,ROG
0,148,PAL
1,148,SHD
2,148,BRD
0,141,WAR
1,141,PAL
2,141,RNG
3,141,BRD
0,8,RNG
0,405,WAR
1,405,PAL
2,405,SHD
3,405,BRD
4,405,ROG
0,169,WAR
1,169,RNG
2,169,DRU
3,169,BRD
0,317,WAR
1,317,PAL
2,317,RNG
3,317,SHD
4,317,DRU
5,317,ROG
0,157,WAR
1,157,PAL
2,157,RNG
3,157,SHD
4,157,BRD
0,397,WAR
1,397,PAL
2,397,RNG
3,397,BRD
4,397,ROG
0,897,WAR
1,897,BRD
2,897,ROG
3,897,SHM
0,49152,BER
0,33053,WAR
1,33053,PAL
2,33053,RNG
3,33053,SHD
4,33053,ROG
5,33053,BER
0,32781,WAR
1,32781,PAL
2,32781,RNG
3,32781,BER
0,33809,DRU
1,33809,WAR
2,33809,RNG
3,33809,BRD
4,33809,BER
5,33809,NEC
6,33809,SHD
7,33809,SHM
8,33809,MNK
9,33809,ROG
10,33809,PAL
0,34813,DRU
1,34813,WAR
2,34813,RNG
3,34813,BRD
4,34813,BER
5,34813,NEC
6,34813,SHD
7,34813,SHM
8,34813,MNK
9,34813,ROG
10,34813,PAL
0,32773,WAR
1,32773,PAL
2,32773,BER
0,32793,WAR
1,32793,RNG
2,32793,SHD
3,32793,BER
0,32777,WAR
1,32777,RNG
2,32777,BER
0,32768,BER
0,16641,ROG
0,1297,WAR
1,1297,SHD
2,1297,ROG
3,1297,NEC
0,32729,WAR
1,32729,RNG
2,32729,BRD
3,32729,NEC
4,32729,WIZ
5,32729,SHD
6,32729,SHM
7,32729,ENC
8,32729,MAG
9,32729,MNK
10,32729,ROG
11,32729,BST
0,261,WAR
1,261,PAL
2,261,ROG
0,905,WAR
1,905,RNG
2,905,BRD
3,905,ROG
4,905,SHM
0,16656,SHD
1,16656,ROG
2,16656,BST
0,17033,WAR
1,17033,RNG
2,17033,BRD
3,17033,SHM
4,17033,BST
0,16905,WAR
1,16905,RNG
2,16905,SHM
3,16905,BST
0,17297,WAR
1,17297,SHD
2,17297,BRD
3,17297,ROG
4,17297,SHM
5,17297,BST
0,16785,WAR
1,16785,SHD
2,16785,BRD
3,16785,ROG
4,16785,BST
0,31872,BRD
1,31872,NEC
2,31872,WIZ
3,31872,MAG
4,31872,ENC
5,31872,BST
0,921,WAR
1,921,RNG
2,921,SHD
3,921,BRD
4,921,ROG
5,921,SHM
0,32145,WAR
1,32145,SHD
2,32145,BRD
3,32145,ROG
4,32145,NEC
5,32145,WIZ
6,32145,MAG
7,32145,ENC
8,32145,BST
0,16256,BRD
1,16256,ROG
2,16256,SHM
3,16256,NEC
4,16256,WIZ
5,16256,MAG
6,16256,ENC
0,31880,RNG
1,31880,BRD
2,31880,NEC
3,31880,WIZ
4,31880,MAG
5,31880,ENC
6,31880,BST
0,264,RNG
1,264,ROG
0,2304,ROG
1,2304,WIZ
0,16897,WAR
1,16897,SHM
2,16897,BST
0,16669,WAR
1,16669,PAL
2,16669,RNG
3,16669,SHD
4,16669,ROG
5,16669,BST
0,17937,WAR
1,17937,SHD
2,17937,SHM
3,17937,NEC
4,17937,BST
0,15769,WAR
1,15769,RNG
2,15769,SHD
3,15769,BRD
4,15769,ROG
5,15769,NEC
6,15769,WIZ
7,15769,MAG
8,15769,ENC
0,16541,WAR
1,16541,PAL
2,16541,RNG
3,16541,SHD
4,16541,BRD
5,16541,BST
0,16797,WAR
1,16797,PAL
2,16797,RNG
3,16797,SHD
4,16797,BRD
5,16797,ROG
6,16797,BST
0,16657,WAR
1,16657,SHD
2,16657,ROG
3,16657,BST
0,392,RNG
1,392,BRD
2,392,ROG
0,15616,ROG
1,15616,NEC
2,15616,WIZ
3,15616,MAG
4,15616,ENC
0,17289,WAR
1,17289,RNG
2,17289,BRD
3,17289,ROG
4,17289,SHM
5,17289,BST
0,17153,WAR
1,17153,ROG
2,17153,SHM
3,17153,BST
0,17305,WAR
1,17305,RNG
2,17305,SHD
3,17305,BRD
4,17305,ROG
5,17305,SHM
6,17305,BST
0,16784,SHD
1,16784,BRD
2,16784,ROG
3,16784,BST
0,32665,WAR
1,32665,RNG
2,32665,BRD
3,32665,NEC
4,32665,WIZ
5,32665,SHD
6,32665,SHM
7,32665,ENC
8,32665,MAG
9,32665,ROG
10,32665,BST
0,16521,WAR
1,16521,RNG
2,16521,BRD
3,16521,BST
0,15639,WAR
1,15639,CLR
2,15639,PAL
3,15639,SHD
4,15639,ROG
5,15639,NEC
6,15639,WIZ
7,15639,MAG
8,15639,ENC
0,15891,WAR
1,15891,CLR
2,15891,SHD
3,15891,SHM
4,15891,NEC
5,15891,WIZ
6,15891,MAG
7,15891,ENC
0,17023,WAR
1,17023,CLR
2,17023,PAL
3,17023,RNG
4,17023,SHD
5,17023,DRU
6,17023,MNK
7,17023,SHM
8,17023,BST
0,518,CLR
1,518,PAL
2,518,SHM
0,15488,BRD
1,15488,NEC
2,15488,WIZ
3,15488,MAG
4,15488,ENC
0,18001,WAR
1,18001,SHD
2,18001,MNK
3,18001,SHM
4,18001,NEC
5,18001,BST
0,449,WAR
1,449,MNK
2,449,BRD
3,449,ROG
0,133,WAR
1,133,PAL
2,133,BRD
0,477,WAR
1,477,PAL
2,477,RNG
3,477,SHD
4,477,MNK
5,477,BRD
6,477,ROG
0,16468,PAL
1,16468,SHD
2,16468,MNK
3,16468,BST
0,16713,WAR
1,16713,RNG
2,16713,MNK
3,16713,ROG
4,16713,BST
0,511,WAR
1,511,CLR
2,511,PAL
3,511,RNG
4,511,SHD
5,511,DRU
6,511,MNK
7,511,BRD
8,511,ROG
0,16383,DRU
1,16383,WAR
2,16383,WIZ
3,16383,SHD
4,16383,SHM
5,16383,ENC
6,16383,PAL
7,16383,BRD
8,16383,RNG
9,16383,NEC
10,16383,CLR
11,16383,MAG
12,16383,MNK
13,16383,ROG
0,17151,DRU
1,17151,WAR
2,17151,RNG
3,17151,BRD
4,17151,SHD
5,17151,CLR
6,17151,SHM
7,17151,MNK
8,17151,PAL
9,17151,BST
0,14370,CLR
1,14370,DRU
2,14370,WIZ
3,14370,MAG
4,14370,ENC
0,8192,ENC
0,191,WAR
1,191,CLR
2,191,PAL
3,191,RNG
4,191,SHD
5,191,DRU
6,191,BRD
0,32383,DRU
1,32383,WAR
2,32383,WIZ
3,32383,SHD
4,32383,SHM
5,32383,ENC
6,32383,BST
7,32383,PAL
8,32383,RNG
9,32383,NEC
10,32383,CLR
11,32383,MAG
12,32383,MNK
0,17279,DRU
1,17279,WAR
2,17279,RNG
3,17279,SHD
4,17279,CLR
5,17279,SHM
6,17279,MNK
7,17279,ROG
8,17279,BST
9,17279,PAL
0,17375,WAR
1,17375,RNG
2,17375,BRD
3,17375,SHD
4,17375,CLR
5,17375,SHM
6,17375,MNK
7,17375,ROG
8,17375,BST
9,17375,PAL
0,17107,WAR
1,17107,CLR
2,17107,SHD
3,17107,MNK
4,17107,BRD
5,17107,SHM
6,17107,BST
0,303,WAR
1,303,CLR
2,303,PAL
3,303,RNG
4,303,DRU
5,303,ROG
0,391,WAR
1,391,CLR
2,391,PAL
3,391,BRD
4,391,ROG
0,17087,WAR
1,17087,CLR
2,17087,PAL
3,17087,RNG
4,17087,SHD
5,17087,DRU
6,17087,BRD
7,17087,SHM
8,17087,BST
0,16833,WAR
1,16833,MNK
2,16833,BRD
3,16833,ROG
4,16833,BST
0,32354,CLR
1,32354,DRU
2,32354,MNK
3,32354,SHM
4,32354,NEC
5,32354,WIZ
6,32354,MAG
7,32354,ENC
8,32354,BST
0,15426,CLR
1,15426,MNK
2,15426,NEC
3,15426,WIZ
4,15426,MAG
5,15426,ENC
0,16705,WAR
1,16705,MNK
2,16705,ROG
3,16705,BST
0,15999,DRU
1,15999,WAR
2,15999,RNG
3,15999,NEC
4,15999,WIZ
5,15999,SHD
6,15999,CLR
7,15999,SHM
8,15999,ENC
9,15999,MAG
10,15999,MNK
11,15999,PAL
0,1007,WAR
1,1007,CLR
2,1007,PAL
3,1007,RNG
4,1007,DRU
5,1007,MNK
6,1007,BRD
7,1007,ROG
8,1007,SHM
0,16946,CLR
1,16946,SHD
2,16946,DRU
3,16946,SHM
4,16946,BST
0,16599,WAR
1,16599,CLR
2,16599,PAL
3,16599,SHD
4,16599,MNK
5,16599,BRD
6,16599,BST
0,448,MNK
1,448,BRD
2,448,ROG
0,17387,WAR
1,17387,CLR
2,17387,RNG
3,17387,DRU
4,17387,MNK
5,17387,BRD
6,17387,ROG
7,17387,SHM
8,17387,BST
0,17369,WAR
1,17369,RNG
2,17369,SHD
3,17369,MNK
4,17369,BRD
5,17369,ROG
6,17369,SHM
7,17369,BST
0,16605,WAR
1,16605,PAL
2,16605,RNG
3,16605,SHD
4,16605,MNK
5,16605,BRD
6,16605,BST
0,457,WAR
1,457,RNG
2,457,MNK
3,457,BRD
4,457,ROG
0,15904,DRU
1,15904,SHM
2,15904,NEC
3,15904,WIZ
4,15904,MAG
5,15904,ENC
0,16585,WAR
1,16585,RNG
2,16585,MNK
3,16585,BRD
4,16585,BST
0,2,CLR
0,49698,CLR
1,49698,DRU
2,49698,SHM
3,49698,BST
4,49698,BER
0,33808,SHD
1,33808,NEC
2,33808,BER
0,32774,CLR
1,32774,PAL
2,32774,BER
0,32861,WAR
1,32861,PAL
2,32861,RNG
3,32861,SHD
4,32861,MNK
5,32861,BER
0,32853,WAR
1,32853,PAL
2,32853,SHD
3,32853,MNK
4,32853,BER
0,32836,PAL
1,32836,MNK
2,32836,BER
0,49685,WAR
1,49685,PAL
2,49685,SHD
3,49685,SHM
4,49685,BST
5,49685,BER
0,49779,WAR
1,49779,CLR
2,49779,SHD
3,49779,DRU
4,49779,MNK
5,49779,SHM
6,49779,BST
7,49779,BER
0,175,WAR
1,175,CLR
2,175,PAL
3,175,RNG
4,175,DRU
5,175,BRD
0,49666,CLR
1,49666,SHM
2,49666,BST
3,49666,BER
0,48146,CLR
1,48146,SHD
2,48146,NEC
3,48146,WIZ
4,48146,MAG
5,48146,ENC
6,48146,BER
0,48192,MNK
1,48192,NEC
2,48192,WIZ
3,48192,MAG
4,48192,ENC
5,48192,BER
0,49702,CLR
1,49702,PAL
2,49702,DRU
3,49702,SHM
0,550,CLR
1,550,PAL
2,550,DRU
3,550,SHM
0,49919,DRU
1,49919,WAR
2,49919,RNG
3,49919,BRD
4,49919,BER
5,49919,SHD
6,49919,CLR
7,49919,SHM
8,49919,MNK
9,49919,PAL
10,49919,BST
0,49683,WAR
1,49683,CLR
2,49683,SHD
3,49683,SHM
4,49683,BST
5,49683,BER
0,49693,WAR
1,49693,PAL
2,49693,RNG
3,49693,SHD
4,49693,SHM
5,49693,BST
6,49693,BER
0,49747,WAR
1,49747,CLR
2,49747,SHD
3,49747,MNK
4,49747,SHM
5,49747,BST
6,49747,BER
0,15377,WAR
1,15377,SHD
2,15377,NEC
3,15377,WIZ
4,15377,MAG
5,15377,ENC
0,65151,DRU
1,65151,WAR
2,65151,WIZ
3,65151,SHD
4,65151,SHM
5,65151,ENC
6,65151,BST
7,65151,PAL
8,65151,RNG
9,65151,BER
10,65151,NEC
11,65151,CLR
12,65151,MAG
13,65151,MNK
0,49783,WAR
1,49783,CLR
2,49783,PAL
3,49783,SHD
4,49783,DRU
5,49783,MNK
6,49783,SHM
7,49783,BST
8,49783,BER
0,50111,DRU
1,50111,WAR
2,50111,RNG
3,50111,BRD
4,50111,BER
5,50111,SHD
6,50111,CLR
7,50111,SHM
8,50111,ROG
9,50111,BST
10,50111,PAL
0,49711,WAR
1,49711,CLR
2,49711,PAL
3,49711,RNG
4,49711,DRU
5,49711,SHM
6,49711,BST
7,49711,BER
0,49902,CLR
1,49902,PAL
2,49902,RNG
3,49902,DRU
4,49902,MNK
5,49902,BRD
6,49902,SHM
7,49902,BST
8,49902,BER
0,49759,WAR
1,49759,CLR
2,49759,PAL
3,49759,RNG
4,49759,SHD
5,49759,MNK
6,49759,SHM
7,49759,BST
8,49759,BER
0,49791,DRU
1,49791,WAR
2,49791,RNG
3,49791,BER
4,49791,SHD
5,49791,CLR
6,49791,SHM
7,49791,MNK
8,49791,PAL
9,49791,BST
0,65058,CLR
1,65058,DRU
2,65058,SHM
3,65058,NEC
4,65058,WIZ
5,65058,MAG
6,65058,ENC
7,65058,BST
8,65058,BER
0,2560,SHM
1,2560,WIZ
0,49225,WAR
1,49225,RNG
2,49225,MNK
3,49225,BST
4,49225,BER
0,49181,WAR
1,49181,PAL
2,49181,RNG
3,49181,SHD
4,49181,BST
5,49181,BER
0,32832,MNK
1,32832,BER
0,49757,WAR
1,49757,PAL
2,49757,RNG
3,49757,SHD
4,49757,MNK
5,49757,SHM
6,49757,BST
7,49757,BER
0,33225,WAR
1,33225,RNG
2,33225,MNK
3,33225,BRD
4,33225,ROG
5,33225,BER
0,64991,WAR
1,64991,WIZ
2,64991,SHD
3,64991,ENC
4,64991,BST
5,64991,PAL
6,64991,BRD
7,64991,RNG
8,64991,BER
9,64991,NEC
10,64991,CLR
11,64991,MAG
12,64991,MNK
13,64991,ROG
0,559,WAR
1,559,CLR
2,559,PAL
3,559,RNG
4,559,DRU
5,559,SHM
0,919,WAR
1,919,CLR
2,919,PAL
3,919,SHD
4,919,BRD
5,919,ROG
6,919,SHM
0,991,WAR
1,991,CLR
2,991,PAL
3,991,RNG
4,991,SHD
5,991,MNK
6,991,BRD
7,991,ROG
8,991,SHM
0,399,WAR
1,399,CLR
2,399,PAL
3,399,RNG
4,399,BRD
5,399,ROG
0,959,DRU
1,959,WAR
2,959,RNG
3,959,BRD
4,959,SHD
5,959,CLR
6,959,SHM
7,959,ROG
8,959,BST
9,959,PAL
0,17303,WAR
1,17303,CLR
2,17303,PAL
3,17303,SHD
4,17303,BRD
5,17303,ROG
6,17303,SHM
7,17303,BST
0,16959,WAR
1,16959,CLR
2,16959,PAL
3,16959,RNG
4,16959,SHD
5,16959,DRU
6,16959,SHM
7,16959,BST
0,514,CLR
1,514,SHM
0,791,WAR
1,791,CLR
2,791,PAL
3,791,SHD
4,791,ROG
5,791,SHM
0,593,WAR
1,593,SHD
2,593,MNK
3,593,SHM
0,17311,WAR
1,17311,CLR
2,17311,PAL
3,17311,RNG
4,17311,SHD
5,17311,BRD
6,17311,ROG
7,17311,SHM
8,17311,BST
0,529,WAR
1,529,SHD
2,529,SHM
0,775,WAR
1,775,CLR
2,775,PAL
3,775,ROG
4,775,SHM
0,17343,DRU
1,17343,WAR
2,17343,RNG
3,17343,BRD
4,17343,SHD
5,17343,CLR
6,17343,SHM
7,17343,ROG
8,17343,BST
9,17343,PAL
0,38,CLR
1,38,PAL
2,38,DRU
0,15926,CLR
1,15926,PAL
2,15926,SHD
3,15926,DRU
4,15926,SHM
5,15926,NEC
6,15926,WIZ
7,15926,MAG
8,15926,ENC
0,16063,DRU
1,16063,WAR
2,16063,RNG
3,16063,BRD
4,16063,NEC
5,16063,WIZ
6,16063,SHD
7,16063,CLR
8,16063,SHM
9,16063,ENC
10,16063,MAG
11,16063,PAL
0,566,CLR
1,566,PAL
2,566,SHD
3,566,DRU
4,566,SHM
0,1570,CLR
1,1570,DRU
2,1570,SHM
3,1570,NEC
0,15935,DRU
1,15935,WAR
2,15935,RNG
3,15935,NEC
4,15935,WIZ
5,15935,SHD
6,15935,CLR
7,15935,SHM
8,15935,ENC
9,15935,MAG
10,15935,PAL
0,21,WAR
1,21,PAL
2,21,SHD
0,16319,DRU
1,16319,WAR
2,16319,WIZ
3,16319,SHD
4,16319,SHM
5,16319,ENC
6,16319,PAL
7,16319,BRD
8,16319,RNG
9,16319,NEC
10,16319,CLR
11,16319,MAG
12,16319,ROG
0,328,RNG
1,328,MNK
2,328,ROG
0,321,WAR
1,321,MNK
2,321,ROG
0,33169,WAR
1,33169,SHD
2,33169,BRD
3,33169,ROG
4,33169,BER
0,33177,WAR
1,33177,RNG
2,33177,SHD
3,33177,BRD
4,33177,ROG
5,33177,BER
0,33297,WAR
1,33297,SHD
2,33297,SHM
3,33297,BER
0,431,WAR
1,431,CLR
2,431,PAL
3,431,RNG
4,431,DRU
5,431,BRD
6,431,ROG
0,33031,WAR
1,33031,CLR
2,33031,PAL
3,33031,ROG
4,33031,BER
0,98,CLR
1,98,DRU
2,98,MNK
0,6146,CLR
1,6146,WIZ
2,6146,MAG
0,349,WAR
1,349,PAL
2,349,RNG
3,349,SHD
4,349,MNK
5,349,ROG
0,8352,DRU
1,8352,BRD
2,8352,ENC
0,34323,WAR
1,34323,CLR
2,34323,SHD
3,34323,SHM
4,34323,NEC
5,34323,BER
0,15871,DRU
1,15871,WAR
2,15871,BRD
3,15871,RNG
4,15871,BER
5,15871,NEC
6,15871,WIZ
7,15871,SHD
8,15871,CLR
9,15871,SHM
10,15871,ENC
11,15871,MAG
12,15871,MNK
13,15871,ROG
14,15871,BST
15,15871,PAL
0,49681,DRU
1,49681,WAR
2,49681,BRD
3,49681,RNG
4,49681,BER
5,49681,NEC
6,49681,WIZ
7,49681,SHD
8,49681,CLR
9,49681,SHM
10,49681,ENC
11,49681,MAG
12,49681,MNK
13,49681,ROG
14,49681,BST
15,49681,PAL
0,429,WAR
1,429,PAL
2,429,RNG
3,429,DRU
4,429,BRD
5,429,ROG
0,14342,DRU
1,14342,WAR
2,14342,BRD
3,14342,RNG
4,14342,BER
5,14342,NEC
6,14342,WIZ
7,14342,SHD
8,14342,CLR
9,14342,SHM
10,14342,ENC
11,14342,MAG
12,14342,MNK
13,14342,ROG
14,14342,BST
15,14342,PAL
0,425,WAR
1,425,RNG
2,425,DRU
3,425,BRD
4,425,ROG
0,49921,WAR
1,49921,ROG
2,49921,SHM
3,49921,BST
4,49921,BER
0,15360,NEC
1,15360,WIZ
2,15360,MAG
3,15360,ENC
0,34,CLR
1,34,DRU
0,16034,CLR
1,16034,DRU
2,16034,BRD
3,16034,SHM
4,16034,NEC
5,16034,WIZ
6,16034,MAG
7,16034,ENC
0,33439,WAR
1,33439,CLR
2,33439,PAL
3,33439,RNG
4,33439,SHD
5,33439,BRD
6,33439,SHM
7,33439,BER
0,558,CLR
1,558,PAL
2,558,RNG
3,558,DRU
4,558,SHM
0,33535,DRU
1,33535,WAR
2,33535,RNG
3,33535,BRD
4,33535,BER
5,33535,SHD
6,33535,CLR
7,33535,SHM
8,33535,MNK
9,33535,PAL
0,33337,WAR
1,33337,RNG
2,33337,SHD
3,33337,DRU
4,33337,SHM
5,33337,BER
0,33041,WAR
1,33041,SHD
2,33041,ROG
3,33041,BER
0,32925,WAR
1,32925,PAL
2,32925,RNG
3,32925,SHD
4,32925,BRD
5,32925,BER
0,447,WAR
1,447,CLR
2,447,PAL
3,447,RNG
4,447,SHD
5,447,DRU
6,447,BRD
7,447,ROG
0,33071,WAR
1,33071,CLR
2,33071,PAL
3,33071,RNG
4,33071,DRU
5,33071,ROG
6,33071,BER
0,16930,CLR
1,16930,DRU
2,16930,SHM
3,16930,BST
0,160,DRU
1,160,BRD
0,8256,MNK
1,8256,ENC
0,9232,SHD
1,9232,NEC
2,9232,ENC
0,15763,WAR
1,15763,CLR
2,15763,SHD
3,15763,BRD
4,15763,ROG
5,15763,NEC
6,15763,WIZ
7,15763,MAG
8,15763,ENC
0,415,WAR
1,415,CLR
2,415,PAL
3,415,RNG
4,415,SHD
5,415,BRD
6,415,ROG
7,415,BER
0,15456,DRU
1,15456,MNK
2,15456,NEC
3,15456,WIZ
4,15456,MAG
5,15456,ENC
0,33692,PAL
1,33692,RNG
2,33692,SHD
3,33692,BRD
4,33692,ROG
5,33692,SHM
6,33692,BER
0,215,WAR
1,215,CLR
2,215,PAL
3,215,SHD
4,215,MNK
5,215,BRD
0,1040,SHD
1,1040,NEC
0,62463,DRU
1,62463,WAR
2,62463,SHD
3,62463,SHM
4,62463,ENC
5,62463,BST
6,62463,PAL
7,62463,BRD
8,62463,RNG
9,62463,BER
10,62463,CLR
11,62463,MAG
12,62463,MNK
13,62463,ROG
0,22848,MNK
1,22848,ROG
2,22848,WIZ
3,22848,MAG
4,22848,BST
0,16977,WAR
1,16977,SHD
2,16977,MNK
3,16977,SHM
4,16977,BST
0,671,WAR
1,671,CLR
2,671,PAL
3,671,RNG
4,671,SHD
5,671,BRD
6,671,SHM
0,15928,RNG
1,15928,SHD
2,15928,DRU
3,15928,SHM
4,15928,NEC
5,15928,WIZ
6,15928,MAG
7,15928,ENC
0,32096,DRU
1,32096,MNK
2,32096,ROG
3,32096,NEC
4,32096,WIZ
5,32096,MAG
6,32096,ENC
7,32096,BST
0,50095,DRU
1,50095,WAR
2,50095,RNG
3,50095,BRD
4,50095,BER
5,50095,CLR
6,50095,SHM
7,50095,ROG
8,50095,BST
9,50095,PAL
0,50141,WAR
1,50141,RNG
2,50141,BRD
3,50141,BER
4,50141,SHD
5,50141,SHM
6,50141,MNK
7,50141,ROG
8,50141,BST
9,50141,PAL
0,65384,DRU
1,65384,RNG
2,65384,BER
3,65384,NEC
4,65384,WIZ
5,65384,SHM
6,65384,ENC
7,65384,MAG
8,65384,MNK
9,65384,ROG
10,65384,BST
0,49937,WAR
1,49937,SHD
2,49937,ROG
3,49937,SHM
4,49937,BST
5,49937,BER
0,32256,SHM
1,32256,NEC
2,32256,WIZ
3,32256,MAG
4,32256,ENC
5,32256,BST
0,26168,RNG
1,26168,SHD
2,26168,DRU
3,26168,SHM
4,26168,NEC
5,26168,ENC
6,26168,BST
0,64925,WAR
1,64925,RNG
2,64925,BRD
3,64925,NEC
4,64925,BER
5,64925,WIZ
6,64925,SHD
7,64925,ENC
8,64925,MAG
9,64925,ROG
10,64925,BST
11,64925,PAL
0,33216,MNK
1,33216,BRD
2,33216,ROG
3,33216,BER
0,32927,WAR
1,32927,CLR
2,32927,PAL
3,32927,RNG
4,32927,SHD
5,32927,BRD
6,32927,BER
0,31888,SHD
1,31888,BRD
2,31888,NEC
3,31888,WIZ
4,31888,MAG
5,31888,ENC
6,31888,BST
0,49768,RNG
1,49768,DRU
2,49768,MNK
3,49768,SHM
4,49768,BST
5,49768,BER
0,49567,WAR
1,49567,CLR
2,49567,PAL
3,49567,RNG
4,49567,SHD
5,49567,BRD
6,49567,ROG
7,49567,BST
8,49567,BER
0,49559,WAR
1,49559,CLR
2,49559,PAL
3,49559,SHD
4,49559,BRD
5,49559,ROG
6,49559,BST
7,49559,BER
0,64,MNK
0,16062,DRU
1,16062,RNG
2,16062,BRD
3,16062,NEC
4,16062,WIZ
5,16062,SHD
6,16062,CLR
7,16062,SHM
8,16062,ENC
9,16062,MAG
10,16062,PAL
0,50175,DRU
1,50175,WAR
2,50175,RNG
3,50175,BRD
4,50175,BER
5,50175,SHD
6,50175,CLR
7,50175,SHM
8,50175,MNK
9,50175,ROG
10,50175,BST
11,50175,PAL
0,33167,WAR
1,33167,CLR
2,33167,PAL
3,33167,RNG
4,33167,BRD
5,33167,ROG
6,33167,BER
0,49631,WAR
1,49631,RNG
2,49631,BRD
3,49631,BER
4,49631,SHD
5,49631,CLR
6,49631,MNK
7,49631,ROG
8,49631,BST
9,49631,PAL
0,6,CLR
1,6,PAL
0,275,WAR
1,275,CLR
2,275,SHD
3,275,ROG
0,44,PAL
1,44,RNG
2,44,DRU
0,14336,WIZ
1,14336,MAG
2,14336,ENC
0,15382,CLR
1,15382,PAL
2,15382,SHD
3,15382,NEC
4,15382,WIZ
5,15382,MAG
6,15382,ENC
0,30224,SHD
1,30224,SHM
2,30224,NEC
3,30224,MAG
4,30224,ENC
5,30224,BST
0,263,WAR
1,263,CLR
2,263,PAL
3,263,ROG
0,33759,WAR
1,33759,RNG
2,33759,BRD
3,33759,BER
4,33759,SHD
5,33759,CLR
6,33759,SHM
7,33759,MNK
8,33759,ROG
9,33759,PAL
0,147,WAR
1,147,CLR
2,147,SHD
3,147,BRD
0,49601,WAR
1,49601,MNK
2,49601,BRD
3,49601,ROG
4,49601,BST
5,49601,BER
0,33665,WAR
1,33665,BRD
2,33665,ROG
3,33665,SHM
4,33665,BER
0,33299,WAR
1,33299,CLR
2,33299,SHD
3,33299,SHM
4,33299,BER
0,33159,WAR
1,33159,CLR
2,33159,PAL
3,33159,BRD
4,33159,ROG
5,33159,BER
0,14767,DRU
1,14767,WAR
2,14767,RNG
3,14767,BRD
4,14767,WIZ
5,14767,CLR
6,14767,ENC
7,14767,MAG
8,14767,ROG
9,14767,PAL
0,64495,DRU
1,64495,WAR
2,64495,WIZ
3,64495,SHM
4,64495,ENC
5,64495,BST
6,64495,PAL
7,64495,BRD
8,64495,RNG
9,64495,BER
10,64495,CLR
11,64495,MAG
12,64495,MNK
13,64495,ROG
0,33025,WAR
1,33025,ROG
2,33025,BER
0,151,WAR
1,151,CLR
2,151,PAL
3,151,SHD
4,151,BRD
0,19,WAR
1,19,CLR
2,19,SHD
0,7,WAR
1,7,CLR
2,7,PAL
0,135,WAR
1,135,CLR
2,135,PAL
3,135,BRD
0,158,CLR
1,158,PAL
2,158,RNG
3,158,SHD
4,158,BRD
0,156,PAL
1,156,RNG
2,156,SHD
3,156,BRD
0,134,CLR
1,134,PAL
2,134,BRD
0,15392,DRU
1,15392,NEC
2,15392,WIZ
3,15392,MAG
4,15392,ENC
0,33245,WAR
1,33245,PAL
2,33245,RNG
3,33245,SHD
4,33245,MNK
5,33245,BRD
6,33245,ROG
7,33245,BER
0,33727,DRU
1,33727,WAR
2,33727,RNG
3,33727,BRD
4,33727,BER
5,33727,SHD
6,33727,CLR
7,33727,SHM
8,33727,ROG
9,33727,PAL
0,33175,WAR
1,33175,CLR
2,33175,PAL
3,33175,SHD
4,33175,BRD
5,33175,ROG
6,33175,BER
0,15424,MNK
1,15424,NEC
2,15424,WIZ
3,15424,MAG
4,15424,ENC
0,49217,WAR
1,49217,MNK
2,49217,BST
3,49217,BER
0,4096,MAG
0,13,WAR
1,13,PAL
2,13,RNG
0,15458,CLR
1,15458,DRU
2,15458,MNK
3,15458,NEC
4,15458,WIZ
5,15458,MAG
6,15458,ENC
0,18,CLR
1,18,PAL
0,51199,DRU
1,51199,WAR
2,51199,SHD
3,51199,SHM
4,51199,BST
5,51199,PAL
6,51199,BRD
7,51199,RNG
8,51199,BER
9,51199,NEC
10,51199,CLR
11,51199,MNK
12,51199,ROG
0,15513,WAR
1,15513,RNG
2,15513,SHD
3,15513,BRD
4,15513,NEC
5,15513,WIZ
6,15513,MAG
7,15513,ENC
0,50065,WAR
1,50065,SHD
2,50065,BRD
3,50065,ROG
4,50065,SHM
5,50065,BST
6,50065,BER
0,16904,RNG
1,16904,SHM
2,16904,BST
0,65363,WAR
1,65363,BER
2,65363,NEC
3,65363,WIZ
4,65363,SHD
5,65363,CLR
6,65363,SHM
7,65363,ENC
8,65363,MAG
9,65363,MNK
10,65363,ROG
11,65363,BST
0,320,MNK
1,320,ROG
0,33343,WAR
1,33343,CLR
2,33343,PAL
3,33343,RNG
4,33343,SHD
5,33343,DRU
6,33343,SHM
7,33343,BER
0,1024,NEC
0,48401,WAR
1,48401,SHD
2,48401,ROG
3,48401,NEC
4,48401,WIZ
5,48401,MAG
6,48401,ENC
7,48401,BER
0,16457,WAR
1,16457,RNG
2,16457,MNK
3,16457,BST
0,50049,WAR
1,50049,BRD
2,50049,ROG
3,50049,SHM
4,50049,BST
5,50049,BER
0,46,CLR
1,46,PAL
2,46,RNG
3,46,DRU
0,15918,CLR
1,15918,PAL
2,15918,RNG
3,15918,DRU
4,15918,SHM
5,15918,NEC
6,15918,WIZ
7,15918,MAG
8,15918,ENC
0,49600,MNK
1,49600,BRD
2,49600,ROG
3,49600,BST
4,49600,BER
0,11818,CLR
1,11818,RNG
2,11818,DRU
3,11818,SHM
4,11818,NEC
5,11818,WIZ
6,11818,ENC
0,16000,BRD
1,16000,SHM
2,16000,NEC
3,16000,WIZ
4,16000,MAG
5,16000,ENC
0,33183,WAR
1,33183,CLR
2,33183,PAL
3,33183,RNG
4,33183,SHD
5,33183,BRD
6,33183,ROG
7,33183,BER
0,33181,WAR
1,33181,PAL
2,33181,RNG
3,33181,SHD
4,33181,BRD
5,33181,ROG
6,33181,BER
0,33745,WAR
1,33745,PAL
2,33745,RNG
3,33745,SHD
4,33745,MNK
5,33745,BRD
6,33745,ROG
7,33745,BST
8,33745,BER
0,33224,RNG
1,33224,MNK
2,33224,BRD
3,33224,ROG
4,33224,BER
0,16640,ROG
1,16640,BST
0,31840,DRU
1,31840,MNK
2,31840,NEC
3,31840,WIZ
4,31840,MAG
5,31840,ENC
6,31840,BST
0,49087,DRU
1,49087,WAR
2,49087,WIZ
3,49087,SHD
4,49087,SHM
5,49087,ENC
6,49087,PAL
7,49087,BRD
8,49087,RNG
9,49087,BER
10,49087,NEC
11,49087,CLR
12,49087,MAG
13,49087,ROG
0,33047,WAR
1,33047,CLR
2,33047,PAL
3,33047,SHD
4,33047,ROG
5,33047,BER
0,33117,WAR
1,33117,PAL
2,33117,RNG
3,33117,SHD
4,33117,MNK
5,33117,ROG
6,33117,BER
0,553,WAR
1,553,RNG
2,553,DRU
3,553,SHM
0,49565,WAR
1,49565,PAL
2,49565,RNG
3,49565,SHD
4,49565,BRD
5,49565,ROG
6,49565,BST
7,49565,BER
0,33553,WAR
1,33553,SHD
2,33553,ROG
3,33553,SHM
4,33553,BER
0,48541,WAR
1,48541,RNG
2,48541,BRD
3,48541,NEC
4,48541,BER
5,48541,WIZ
6,48541,SHD
7,48541,ENC
8,48541,MAG
9,48541,ROG
10,48541,PAL
0,50143,WAR
1,50143,RNG
2,50143,BRD
3,50143,BER
4,50143,SHD
5,50143,CLR
6,50143,SHM
7,50143,MNK
8,50143,ROG
9,50143,BST
10,50143,PAL
0,50025,WAR
1,50025,RNG
2,50025,DRU
3,50025,MNK
4,50025,ROG
5,50025,SHM
6,50025,BST
7,50025,BER
0,22,CLR
1,22,PAL
2,22,SHD
0,15362,CLR
1,15362,NEC
2,15362,WIZ
3,15362,MAG
4,15362,ENC
0,400,SHD
1,400,BRD
2,400,ROG
0,610,CLR
1,610,DRU
2,610,MNK
3,610,SHM
0,272,SHD
1,272,ROG
0,32791,WAR
1,32791,CLR
2,32791,PAL
3,32791,SHD
4,32791,BER
0,336,SHD
1,336,MNK
2,336,ROG
0,65519,DRU
1,65519,WAR
2,65519,WIZ
3,65519,SHM
4,65519,ENC
5,65519,BST
6,65519,PAL
7,65519,BRD
8,65519,RNG
9,65519,BER
10,65519,NEC
11,65519,CLR
12,65519,MAG
13,65519,MNK
14,65519,ROG
0,15504,SHD
1,15504,BRD
2,15504,NEC
3,15504,WIZ
4,15504,MAG
5,15504,ENC
0,10280,RNG
1,10280,DRU
2,10280,WIZ
3,10280,ENC
0,50171,DRU
1,50171,WAR
2,50171,RNG
3,50171,BRD
4,50171,BER
5,50171,SHD
6,50171,CLR
7,50171,SHM
8,50171,MNK
9,50171,ROG
10,50171,BST
0,49960,RNG
1,49960,DRU
2,49960,ROG
3,49960,SHM
4,49960,BST
5,49960,BER
0,2048,WIZ
0,33544,RNG
1,33544,ROG
2,33544,SHM
3,33544,BER
0,16540,PAL
1,16540,RNG
2,16540,SHD
3,16540,BRD
4,16540,BST
0,16863,WAR
1,16863,CLR
2,16863,PAL
3,16863,RNG
4,16863,SHD
5,16863,MNK
6,16863,BRD
7,16863,ROG
8,16863,BST
0,663,WAR
1,663,CLR
2,663,PAL
3,663,SHD
4,663,BRD
5,663,SHM
0,41,WAR
1,41,RNG
2,41,DRU
0,33087,WAR
1,33087,CLR
2,33087,PAL
3,33087,RNG
4,33087,SHD
5,33087,DRU
6,33087,ROG
7,33087,BER
0,48703,DRU
1,48703,WAR
2,48703,RNG
3,48703,BER
4,48703,NEC
5,48703,WIZ
6,48703,SHD
7,48703,CLR
8,48703,SHM
9,48703,ENC
10,48703,MAG
11,48703,PAL
0,23,WAR
1,23,CLR
2,23,PAL
3,23,SHD
0,96,DRU
1,96,MNK
0,33280,SHM
1,33280,BER
0,17,WAR
1,17,SHD
0,33536,ROG
1,33536,SHM
2,33536,BER
0,129,WAR
1,129,BRD
0,17020,PAL
1,17020,RNG
2,17020,SHD
3,17020,DRU
4,17020,MNK
5,17020,SHM
6,17020,BST
0,50024,RNG
1,50024,DRU
2,50024,MNK
3,50024,ROG
4,50024,SHM
5,50024,BST
6,50024,BER
0,31900,PAL
1,31900,RNG
2,31900,SHD
3,31900,BRD
4,31900,NEC
5,31900,WIZ
6,31900,MAG
7,31900,ENC
8,31900,BST
0,384,BRD
1,384,ROG
0,32318,DRU
1,32318,RNG
2,32318,NEC
3,32318,WIZ
4,32318,SHD
5,32318,CLR
6,32318,SHM
7,32318,ENC
8,32318,MAG
9,32318,PAL
10,32318,BST
0,50110,DRU
1,50110,RNG
2,50110,BRD
3,50110,BER
4,50110,SHD
5,50110,CLR
6,50110,SHM
7,50110,ROG
8,50110,BST
9,50110,PAL
0,513,WAR
1,513,SHM
0,16400,SHD
1,16400,BST
0,16992,DRU
1,16992,MNK
2,16992,SHM
3,16992,BST
0,16958,CLR
1,16958,PAL
2,16958,RNG
3,16958,SHD
4,16958,DRU
5,16958,SHM
6,16958,BST
0,17086,CLR
1,17086,PAL
2,17086,RNG
3,17086,SHD
4,17086,DRU
5,17086,BRD
6,17086,SHM
7,17086,BST
0,15970,CLR
1,15970,DRU
2,15970,MNK
3,15970,SHM
4,15970,NEC
5,15970,WIZ
6,15970,MAG
7,15970,ENC
0,279,WAR
1,279,CLR
2,279,PAL
3,279,SHD
4,279,ROG
0,32304,SHD
1,32304,DRU
2,32304,SHM
3,32304,NEC
4,32304,WIZ
5,32304,MAG
6,32304,ENC
7,32304,BST
0,913,WAR
1,913,SHD
2,913,BRD
3,913,ROG
4,913,SHM
0,33681,WAR
1,33681,SHD
2,33681,BRD
3,33681,ROG
4,33681,SHM
5,33681,BER
0,49928,RNG
1,49928,ROG
2,49928,SHM
3,49928,BST
4,49928,BER
0,49309,WAR
1,49309,PAL
2,49309,RNG
3,49309,SHD
4,49309,BRD
5,49309,BST
6,49309,BER
0,352,DRU
1,352,MNK
2,352,ROG
0,24096,DRU
1,24096,SHM
2,24096,NEC
3,24096,WIZ
4,24096,MAG
5,24096,BST
0,16860,PAL
1,16860,RNG
2,16860,SHD
3,16860,MNK
4,16860,BRD
5,16860,ROG
6,16860,BST
0,21504,NEC
1,21504,MAG
2,21504,BST
0,33089,WAR
1,33089,MNK
2,33089,ROG
3,33089,BER
0,33217,WAR
1,33217,MNK
2,33217,BRD
3,33217,ROG
4,33217,BER
0,26160,SHD
1,26160,DRU
2,26160,SHM
3,26160,NEC
4,26160,ENC
5,26160,BST
0,49609,WAR
1,49609,RNG
2,49609,MNK
3,49609,BRD
4,49609,ROG
5,49609,BST
6,49609,BER
0,544,DRU
1,544,SHM
0,32314,DRU
1,32314,RNG
2,32314,NEC
3,32314,WIZ
4,32314,SHD
5,32314,CLR
6,32314,SHM
7,32314,ENC
8,32314,MAG
9,32314,BST
0,150,CLR
1,150,PAL
2,150,SHD
3,150,BRD
0,49992,RNG
1,49992,MNK
2,49992,ROG
3,49992,SHM
4,49992,BST
5,49992,BER
0,16736,DRU
1,16736,MNK
2,16736,ROG
3,16736,BST
0,33024,ROG
1,33024,BER
0,145,WAR
1,145,SHD
2,145,BRD
0,30816,DRU
1,30816,MNK
2,30816,WIZ
3,30816,MAG
4,30816,ENC
5,30816,BST
0,49608,RNG
1,49608,MNK
2,49608,BRD
3,49608,ROG
4,49608,BST
5,49608,BER
0,33032,RNG
1,33032,ROG
2,33032,BER
0,149,WAR
1,149,PAL
2,149,SHD
3,149,BRD
0,16942,CLR
1,16942,PAL
2,16942,RNG
3,16942,DRU
4,16942,SHM
5,16942,BST
0,33096,RNG
1,33096,MNK
2,33096,ROG
3,33096,BER
0,128,BRD
0,47495,DRU
1,47495,MNK
2,47495,NEC
3,47495,WIZ
4,47495,MAG
5,47495,ENC
6,47495,BST
0,33695,WAR
1,33695,CLR
2,33695,PAL
3,33695,RNG
4,33695,SHD
5,33695,BRD
6,33695,ROG
7,33695,SHM
8,33695,BER
0,8576,BRD
1,8576,ROG
2,8576,ENC
0,546,CLR
1,546,DRU
2,546,SHM
0,32446,DRU
1,32446,RNG
2,32446,BRD
3,32446,NEC
4,32446,WIZ
5,32446,SHD
6,32446,CLR
7,32446,SHM
8,32446,ENC
9,32446,MAG
10,32446,PAL
11,32446,BST
0,15934,DRU
1,15934,RNG
2,15934,NEC
3,15934,WIZ
4,15934,SHD
5,15934,CLR
6,15934,SHM
7,15934,ENC
8,15934,MAG
9,15934,PAL
0,33045,WAR
1,33045,PAL
2,33045,SHD
3,33045,ROG
4,33045,BER
0,33160,RNG
1,33160,BRD
2,33160,ROG
3,33160,BER
0,5,WAR
1,5,PAL
0,48111,DRU
1,48111,WAR
2,48111,WIZ
3,48111,SHM
4,48111,ENC
5,48111,PAL
6,48111,BRD
7,48111,RNG
8,48111,BER
9,48111,CLR
10,48111,MAG
11,48111,MNK
12,48111,ROG
0,40959,DRU
1,40959,WAR
2,40959,WIZ
3,40959,SHD
4,40959,SHM
5,40959,PAL
6,40959,BRD
7,40959,RNG
8,40959,BER
9,40959,NEC
10,40959,CLR
11,40959,MAG
12,40959,MNK
13,40959,ROG
0,3072,NEC
1,3072,WIZ
0,33105,WAR
1,33105,SHD
2,33105,MNK
3,33105,ROG
4,33105,BER
0,33425,WAR
1,33425,SHD
2,33425,BRD
3,33425,SHM
4,33425,BER
0,48915,WAR
1,48915,BER
2,48915,NEC
3,48915,WIZ
4,48915,SHD
5,48915,CLR
6,48915,SHM
7,48915,ENC
8,48915,MAG
9,48915,ROG
0,15494,CLR
1,15494,PAL
2,15494,BRD
3,15494,NEC
4,15494,WIZ
5,15494,MAG
6,15494,ENC
0,48007,WAR
1,48007,BRD
2,48007,BER
3,48007,WIZ
4,48007,CLR
5,48007,SHM
6,48007,ENC
7,48007,MAG
8,48007,ROG
9,48007,PAL
0,15635,WAR
1,15635,CLR
2,15635,SHD
3,15635,ROG
4,15635,NEC
5,15635,WIZ
6,15635,MAG
7,15635,ENC
0,386,CLR
1,386,BRD
2,386,ROG
0,14534,CLR
1,14534,PAL
2,14534,MNK
3,14534,BRD
4,14534,WIZ
5,14534,MAG
6,14534,ENC
0,14727,WAR
1,14727,CLR
2,14727,PAL
3,14727,BRD
4,14727,ROG
5,14727,WIZ
6,14727,MAG
7,14727,ENC
0,33775,DRU
1,33775,WAR
2,33775,RNG
3,33775,BRD
4,33775,BER
5,33775,CLR
6,33775,SHM
7,33775,MNK
8,33775,ROG
9,33775,PAL
0,50159,DRU
1,50159,WAR
2,50159,RNG
3,50159,BRD
4,50159,BER
5,50159,CLR
6,50159,SHM
7,50159,MNK
8,50159,ROG
9,50159,BST
10,50159,PAL
0,31744,NEC
1,31744,WIZ
2,31744,MAG
3,31744,ENC
4,31744,BST
0,15394,CLR
1,15394,DRU
2,15394,NEC
3,15394,WIZ
4,15394,MAG
5,15394,ENC
0,32767,DRU
1,32767,WAR
2,32767,WIZ
3,32767,SHD
4,32767,SHM
5,32767,ENC
6,32767,BST
7,32767,PAL
8,32767,BRD
9,32767,RNG
10,32767,NEC
11,32767,CLR
12,32767,MAG
13,32767,MNK
14,32767,ROG
0,33751,WAR
1,33751,CLR
2,33751,PAL
3,33751,SHD
4,33751,MNK
5,33751,BRD
6,33751,ROG
7,33751,SHM
8,33751,BER
0,50135,WAR
1,50135,BRD
2,50135,BER
3,50135,SHD
4,50135,CLR
5,50135,SHM
6,50135,MNK
7,50135,ROG
8,50135,BST
9,50135,PAL
0,65535,DRU
1,65535,WAR
2,65535,BRD
3,65535,RNG
4,65535,BER
5,65535,NEC
6,65535,WIZ
7,65535,SHD
8,65535,CLR
9,65535,SHM
10,65535,ENC
11,65535,MAG
12,65535,MNK
13,65535,ROG
14,65535,BST
15,65535,PAL
0,2567,WAR
1,2567,CLR
2,2567,PAL
3,2567,SHM
4,2567,WIZ
0,4610,CLR
1,4610,SHM
2,4610,MAG
0,40,RNG
1,40,DRU
0,6144,WIZ
1,6144,MAG
0,33097,WAR
1,33097,RNG
2,33097,MNK
3,33097,ROG
4,33097,BER
0,720,SHD
1,720,MNK
2,720,BRD
3,720,SHM
0,2080,DRU
1,2080,WIZ
0,65214,DRU
1,65214,WIZ
2,65214,SHD
3,65214,SHM
4,65214,ENC
5,65214,BST
6,65214,PAL
7,65214,BRD
8,65214,RNG
9,65214,BER
10,65214,NEC
11,65214,CLR
12,65214,MAG
0,49537,DRU
1,49537,WAR
2,49537,BRD
3,49537,RNG
4,49537,BER
5,49537,NEC
6,49537,WIZ
7,49537,SHD
8,49537,CLR
9,49537,SHM
10,49537,ENC
11,49537,MAG
12,49537,MNK
13,49537,ROG
14,49537,BST
15,49537,PAL
0,49151,DRU
1,49151,WAR
2,49151,WIZ
3,49151,SHD
4,49151,SHM
5,49151,ENC
6,49151,PAL
7,49151,BRD
8,49151,RNG
9,49151,BER
10,49151,NEC
11,49151,CLR
12,49151,MAG
13,49151,MNK
14,49151,ROG
0,34816,WIZ
1,34816,BER
0,68,PAL
1,68,MNK
0,8320,BRD
1,8320,ENC
0,20480,MAG
1,20480,BST
0,0,NONE
0,10278,CLR
1,10278,PAL
2,10278,DRU
3,10278,WIZ
4,10278,ENC
0,9216,NEC
1,9216,ENC
0,10240,WIZ
1,10240,ENC
0,8224,DRU
1,8224,ENC
0,269,WAR
1,269,PAL
2,269,RNG
3,269,ROG
0,33037,WAR
1,33037,PAL
2,33037,RNG
3,33037,ROG
4,33037,BER
0,49425,WAR
1,49425,SHD
2,49425,ROG
3,49425,BST
4,49425,BER
0,49472,MNK
1,49472,ROG
2,49472,BST
3,49472,BER
0,64985,WAR
1,64985,RNG
2,64985,BRD
3,64985,NEC
4,64985,BER
5,64985,WIZ
6,64985,SHD
7,64985,ENC
8,64985,MAG
9,64985,MNK
10,64985,ROG
11,64985,BST
0,33737,WAR
1,33737,RNG
2,33737,MNK
3,33737,BRD
4,33737,ROG
5,33737,SHM
6,33737,BER
0,49545,WAR
1,49545,RNG
2,49545,BRD
3,49545,ROG
4,49545,BST
5,49545,BER
0,49152,BST
0,50121,WAR
1,50121,RNG
2,50121,MNK
3,50121,BRD
4,50121,ROG
5,50121,SHM
6,50121,BST
7,50121,BER
0,14368,DRU
1,14368,WIZ
2,14368,MAG
3,14368,ENC
0,1536,SHM
1,1536,NEC
0,31232,SHM
1,31232,WIZ
2,31232,MAG
3,31232,ENC
4,31232,BST
0,25088,SHM
1,25088,ENC
2,25088,BST
0,21026,MAG
0,2056,RNG
1,2056,WIZ
0,554,CLR
1,554,RNG
2,554,DRU
3,554,SHM
0,1594,CLR
1,1594,RNG
2,1594,SHD
3,1594,DRU
4,1594,SHM
5,1594,NEC
0,16934,CLR
1,16934,PAL
2,16934,DRU
3,16934,SHM
4,16934,BST
0,17958,CLR
1,17958,PAL
2,17958,DRU
3,17958,SHM
4,17958,NEC
5,17958,BST
0,8742,ENC
0,14376,RNG
1,14376,DRU
2,14376,WIZ
3,14376,MAG
4,14376,ENC
0,25128,RNG
1,25128,DRU
2,25128,SHM
3,25128,ENC
4,25128,BST
0,17966,CLR
1,17966,PAL
2,17966,RNG
3,17966,DRU
4,17966,SHM
5,17966,NEC
6,17966,BST
0,9234,NEC
0,11778,CLR
1,11778,SHM
2,11778,WIZ
0,8706,CLR
1,8706,SHM
2,8706,WIZ
0,2562,CLR
1,2562,SHM
2,2562,WIZ
0,8704,SHM
1,8704,ENC
0,16902,CLR
1,16902,PAL
2,16902,SHM
3,16902,BST
0,15878,MAG
0,17982,CLR
1,17982,PAL
2,17982,RNG
3,17982,SHD
4,17982,DRU
5,17982,SHM
6,17982,NEC
7,17982,BST
0,1046,CLR
1,1046,PAL
2,1046,SHD
3,1046,NEC
0,25134,CLR
1,25134,PAL
2,25134,RNG
3,25134,DRU
4,25134,SHM
5,25134,ENC
6,25134,BST
0,16938,CLR
1,16938,RNG
2,16938,DRU
3,16938,SHM
4,16938,BST
0,17978,CLR
1,17978,RNG
2,17978,SHD
3,17978,DRU
4,17978,SHM
5,17978,NEC
6,17978,BST
0,17974,CLR
1,17974,PAL
2,17974,SHD
3,17974,DRU
4,17974,SHM
5,17974,NEC
6,17974,BST
0,25126,CLR
1,25126,PAL
2,25126,DRU
3,25126,SHM
4,25126,ENC
5,25126,BST
0,11782,CLR
1,11782,PAL
2,11782,SHM
3,11782,NEC
4,11782,WIZ
5,11782,ENC
0,2086,CLR
1,2086,PAL
2,2086,DRU
3,2086,WIZ
0,9238,CLR
1,9238,PAL
2,9238,SHD
3,9238,NEC
4,9238,ENC
0,16928,DRU
1,16928,SHM
2,16928,BST
0,4138,CLR
1,4138,RNG
2,4138,DRU
3,4138,MAG
0,27176,ENC
0,520,RNG
1,520,SHM
0,16936,RNG
1,16936,DRU
2,16936,SHM
3,16936,BST
0,16896,SHM
1,16896,BST
0,1030,CLR
1,1030,PAL
2,1030,NEC
0,3088,SHD
1,3088,NEC
2,3088,WIZ
0,1042,CLR
1,1042,SHD
2,1042,NEC
0,1026,CLR
1,1026,NEC
0,8746,CLR
1,8746,RNG
2,8746,DRU
3,8746,SHM
4,8746,ENC
0,17920,SHM
1,17920,NEC
2,17920,BST
0,10248,RNG
1,10248,WIZ
2,10248,ENC
0,8198,CLR
1,8198,PAL
2,8198,ENC
0,4130,CLR
1,4130,DRU
2,4130,MAG
0,24106,CLR
1,24106,RNG
2,24106,DRU
3,24106,SHM
4,24106,NEC
5,24106,WIZ
6,24106,MAG
7,24106,BST
0,8194,CLR
1,8194,ENC
0,9218,CLR
1,9218,NEC
2,9218,ENC
0,4136,RNG
1,4136,DRU
2,4136,MAG
0,8736,DRU
1,8736,SHM
2,8736,ENC
0,10784,DRU
1,10784,SHM
2,10784,WIZ
3,10784,ENC
0,4128,DRU
1,4128,MAG
0,9728,SHM
1,9728,NEC
2,9728,ENC
0,1542,CLR
1,1542,PAL
2,1542,SHM
3,1542,NEC
0,1538,CLR
1,1538,SHM
2,1538,NEC
0,30256,SHD
1,30256,DRU
2,30256,SHM
3,30256,NEC
4,30256,MAG
5,30256,ENC
6,30256,BST
0,12288,MAG
1,12288,ENC
0,1568,DRU
1,1568,SHM
2,1568,NEC
0,16396,PAL
1,16396,RNG
2,16396,BST
0,548,PAL
1,548,DRU
2,548,SHM
0,4608,SHM
1,4608,MAG
0,5120,NEC
1,5120,MAG
0,6176,DRU
1,6176,WIZ
2,6176,MAG
0,65,WAR
1,65,MNK
0,49501,WAR
1,49501,PAL
2,49501,RNG
3,49501,SHD
4,49501,MNK
5,49501,ROG
6,49501,BST
7,49501,BER
0,257,WAR
1,257,ROG
0,256,ROG
0,49437,WAR
1,49437,PAL
2,49437,RNG
3,49437,SHD
4,49437,ROG
5,49437,BST
6,49437,BER
0,48919,WAR
1,48919,BER
2,48919,NEC
3,48919,WIZ
4,48919,SHD
5,48919,CLR
6,48919,SHM
7,48919,ENC
8,48919,MAG
9,48919,ROG
10,48919,PAL
0,48663,WAR
1,48663,BER
2,48663,NEC
3,48663,WIZ
4,48663,SHD
5,48663,CLR
6,48663,SHM
7,48663,ENC
8,48663,MAG
9,48663,PAL
0,16994,CLR
1,16994,DRU
2,16994,MNK
3,16994,SHM
4,16994,BST
0,530,CLR
1,530,SHD
2,530,SHM
0,48927,WAR
1,48927,RNG
2,48927,BER
3,48927,NEC
4,48927,WIZ
5,48927,SHD
6,48927,CLR
7,48927,SHM
8,48927,ENC
9,48927,MAG
10,48927,ROG
11,48927,PAL
0,47,WAR
1,47,CLR
2,47,PAL
3,47,RNG
4,47,DRU
0,47599,DRU
1,47599,WAR
2,47599,RNG
3,47599,BRD
4,47599,BER
5,47599,WIZ
6,47599,CLR
7,47599,ENC
8,47599,MAG
9,47599,MNK
10,47599,ROG
11,47599,PAL
0,15087,DRU
1,15087,WAR
2,15087,RNG
3,15087,BRD
4,15087,WIZ
5,15087,CLR
6,15087,SHM
7,15087,ENC
8,15087,MAG
9,15087,MNK
10,15087,PAL
0,2176,BRD
1,2176,WIZ
0,4640,DRU
1,4640,SHM
2,4640,MAG
0,15420,PAL
1,15420,RNG
2,15420,SHD
3,15420,DRU
4,15420,NEC
5,15420,WIZ
6,15420,MAG
7,15420,ENC
0,14888,RNG
1,14888,DRU
2,14888,SHM
3,14888,WIZ
4,14888,MAG
5,14888,ENC
0,33537,WAR
1,33537,ROG
2,33537,SHM
3,33537,BER
0,16159,WAR
1,16159,RNG
2,16159,NEC
3,16159,WIZ
4,16159,SHD
5,16159,CLR
6,16159,SHM
7,16159,ENC
8,16159,MAG
9,16159,ROG
10,16159,PAL
0,49629,WAR
1,49629,PAL
2,49629,RNG
3,49629,SHD
4,49629,MNK
5,49629,BRD
6,49629,ROG
7,49629,BST
8,49629,BER
0,32312,RNG
1,32312,SHD
2,32312,DRU
3,32312,SHM
4,32312,NEC
5,32312,WIZ
6,32312,MAG
7,32312,ENC
8,32312,BST
0,32290,CLR
1,32290,DRU
2,32290,SHM
3,32290,NEC
4,32290,WIZ
5,32290,MAG
6,32290,ENC
7,32290,BST
0,32302,DRU
1,32302,RNG
2,32302,NEC
3,32302,WIZ
4,32302,CLR
5,32302,SHM
6,32302,ENC
7,32302,MAG
8,32302,PAL
9,32302,BST
0,15874,CLR
1,15874,SHM
2,15874,NEC
3,15874,WIZ
4,15874,MAG
5,15874,ENC
0,33305,WAR
1,33305,RNG
2,33305,SHD
3,33305,SHM
4,33305,BER
0,32789,WAR
1,32789,PAL
2,32789,SHD
3,32789,BER
0,33437,WAR
1,33437,PAL
2,33437,RNG
3,33437,SHD
4,33437,BRD
5,33437,SHM
6,33437,BER
0,16576,MNK
1,16576,BRD
2,16576,BST
0,16448,MNK
1,16448,BST
0,49480,RNG
1,49480,MNK
2,49480,ROG
3,49480,BST
4,49480,BER
0,16597,WAR
1,16597,PAL
2,16597,SHD
3,16597,MNK
4,16597,BRD
5,16597,BST
0,64893,DRU
1,64893,WAR
2,64893,WIZ
3,64893,SHD
4,64893,ENC
5,64893,BST
6,64893,PAL
7,64893,RNG
8,64893,BER
9,64893,NEC
10,64893,MAG
11,64893,MNK
12,64893,ROG
0,31808,MNK
1,31808,NEC
2,31808,WIZ
3,31808,MAG
4,31808,ENC
5,31808,BST
0,16631,WAR
1,16631,CLR
2,16631,PAL
3,16631,SHD
4,16631,DRU
5,16631,MNK
6,16631,BRD
7,16631,BST
0,16471,WAR
1,16471,CLR
2,16471,PAL
3,16471,SHD
4,16471,MNK
5,16471,BST
0,33694,CLR
1,33694,PAL
2,33694,RNG
3,33694,SHD
4,33694,BRD
5,33694,ROG
6,33694,SHM
7,33694,BER
0,48904,RNG
1,48904,ROG
2,48904,SHM
3,48904,NEC
4,48904,WIZ
5,48904,MAG
6,48904,ENC
7,48904,BER
0,33161,WAR
1,33161,RNG
2,33161,BRD
3,33161,ROG
4,33161,BER
0,49687,WAR
1,49687,CLR
2,49687,PAL
3,49687,SHD
4,49687,SHM
5,49687,BST
6,49687,BER
0,15906,CLR
1,15906,DRU
2,15906,SHM
3,15906,NEC
4,15906,WIZ
5,15906,MAG
6,15906,ENC
0,29,WAR
1,29,PAL
2,29,RNG
3,29,SHD
0,25,WAR
1,25,RNG
2,25,SHD
0,153,WAR
1,153,RNG
2,153,SHD
3,153,BRD
0,189,WAR
1,189,PAL
2,189,RNG
3,189,SHD
4,189,DRU
5,189,BRD
0,168,RNG
1,168,DRU
2,168,BRD
0,297,WAR
1,297,RNG
2,297,DRU
3,297,ROG
0,957,WAR
1,957,PAL
2,957,RNG
3,957,SHD
4,957,DRU
5,957,BRD
6,957,ROG
7,957,SHM
0,509,WAR
1,509,PAL
2,509,RNG
3,509,SHD
4,509,DRU
5,509,MNK
6,509,BRD
7,509,ROG
0,273,WAR
1,273,SHD
2,273,ROG
0,1177,WAR
1,1177,RNG
2,1177,SHD
3,1177,BRD
4,1177,NEC
0,30719,DRU
1,30719,WAR
2,30719,SHD
3,30719,SHM
4,30719,ENC
5,30719,BST
6,30719,PAL
7,30719,BRD
8,30719,RNG
9,30719,NEC
10,30719,CLR
11,30719,MAG
12,30719,MNK
13,30719,ROG
0,32639,DRU
1,32639,WAR
2,32639,WIZ
3,32639,SHD
4,32639,SHM
5,32639,ENC
6,32639,BST
7,32639,PAL
8,32639,RNG
9,32639,NEC
10,32639,CLR
11,32639,MAG
12,32639,MNK
13,32639,ROG
0,441,WAR
1,441,RNG
2,441,SHD
3,441,DRU
4,441,BRD
5,441,ROG
0,137,WAR
1,137,RNG
2,137,BRD
0,413,WAR
1,413,PAL
2,413,RNG
3,413,SHD
4,413,BRD
5,413,ROG
0,445,WAR
1,445,PAL
2,445,RNG
3,445,SHD
4,445,DRU
5,445,BRD
6,445,ROG
0,20,PAL
1,20,SHD
0,393,WAR
1,393,RNG
2,393,BRD
3,393,ROG
0,32769,WAR
1,32769,PAL
2,32769,RNG
3,32769,SHD
4,32769,BER
0,32785,WAR
1,32785,SHD
2,32785,BER
0,32796,PAL
1,32796,RNG
2,32796,SHD
3,32796,BER
0,32784,SHD
1,32784,BER
0,409,WAR
1,409,RNG
2,409,SHD
3,409,BRD
4,409,ROG
0,16392,RNG
1,16392,BST
0,16769,WAR
1,16769,BRD
2,16769,ROG
3,16769,BST
0,17680,SHD
1,17680,ROG
2,17680,NEC
3,17680,BST
0,32000,ROG
1,32000,NEC
2,32000,WIZ
3,32000,MAG
4,32000,ENC
5,32000,BST
0,32128,BRD
1,32128,ROG
2,32128,NEC
3,32128,WIZ
4,32128,MAG
5,32128,ENC
6,32128,BST
0,32153,WAR
1,32153,RNG
2,32153,BRD
3,32153,NEC
4,32153,WIZ
5,32153,SHD
6,32153,ENC
7,32153,MAG
8,32153,ROG
9,32153,BST
0,281,WAR
1,281,RNG
2,281,SHD
3,281,ROG
0,16281,WAR
1,16281,RNG
2,16281,BRD
3,16281,NEC
4,16281,WIZ
5,16281,SHD
6,16281,SHM
7,16281,ENC
8,16281,MAG
9,16281,ROG
0,32669,WAR
1,32669,RNG
2,32669,BRD
3,32669,NEC
4,32669,WIZ
5,32669,SHD
6,32669,SHM
7,32669,ENC
8,32669,MAG
9,32669,ROG
10,32669,BST
11,32669,PAL
0,32157,WAR
1,32157,RNG
2,32157,BRD
3,32157,NEC
4,32157,WIZ
5,32157,SHD
6,32157,ENC
7,32157,MAG
8,32157,ROG
9,32157,BST
10,32157,PAL
0,17309,WAR
1,17309,PAL
2,17309,RNG
3,17309,SHD
4,17309,BRD
5,17309,ROG
6,17309,SHM
7,17309,BST
0,17181,WAR
1,17181,PAL
2,17181,RNG
3,17181,SHD
4,17181,ROG
5,17181,SHM
6,17181,BST
0,925,WAR
1,925,PAL
2,925,RNG
3,925,SHD
4,925,BRD
5,925,ROG
6,925,SHM
0,32649,WAR
1,32649,RNG
2,32649,BRD
3,32649,NEC
4,32649,WIZ
5,32649,SHM
6,32649,ENC
7,32649,MAG
8,32649,ROG
9,32649,BST
0,32017,WAR
1,32017,SHD
2,32017,ROG
3,32017,NEC
4,32017,WIZ
5,32017,MAG
6,32017,ENC
7,32017,BST
0,17161,WAR
1,17161,RNG
2,17161,ROG
3,17161,SHM
4,17161,BST
0,401,WAR
1,401,SHD
2,401,BRD
3,401,ROG
0,265,WAR
1,265,RNG
2,265,ROG
0,16793,WAR
1,16793,RNG
2,16793,SHD
3,16793,BRD
4,16793,ROG
5,16793,BST
0,15872,SHM
1,15872,NEC
2,15872,WIZ
3,15872,MAG
4,15872,ENC
0,8448,ROG
1,8448,ENC
0,768,ROG
1,768,SHM
0,512,SHM
0,32137,WAR
1,32137,RNG
2,32137,BRD
3,32137,ROG
4,32137,NEC
5,32137,WIZ
6,32137,MAG
7,32137,ENC
8,32137,BST
0,32697,DRU
1,32697,WAR
2,32697,RNG
3,32697,BRD
4,32697,NEC
5,32697,WIZ
6,32697,SHD
7,32697,SHM
8,32697,ENC
9,32697,MAG
10,32697,ROG
11,32697,BST
0,16777,WAR
1,16777,RNG
2,16777,BRD
3,16777,ROG
4,16777,BST
0,17002,CLR
1,17002,RNG
2,17002,DRU
3,17002,MNK
4,17002,SHM
5,17002,BST
0,132,PAL
1,132,BRD
0,1041,WAR
1,1041,SHD
2,1041,NEC
0,767,WAR
1,767,CLR
2,767,PAL
3,767,RNG
4,767,SHD
5,767,DRU
6,767,MNK
7,767,BRD
8,767,SHM
0,611,WAR
1,611,CLR
2,611,DRU
3,611,MNK
4,611,SHM
0,16873,WAR
1,16873,RNG
2,16873,DRU
3,16873,MNK
4,16873,BRD
5,16873,ROG
6,16873,BST
0,465,WAR
1,465,SHD
2,465,MNK
3,465,BRD
4,465,ROG
0,16927,WAR
1,16927,CLR
2,16927,PAL
3,16927,RNG
4,16927,SHD
5,16927,SHM
6,16927,BST
0,1023,DRU
1,1023,WAR
2,1023,RNG
3,1023,BRD
4,1023,SHD
5,1023,CLR
6,1023,SHM
7,1023,MNK
8,1023,ROG
9,1023,PAL
0,17391,DRU
1,17391,WAR
2,17391,RNG
3,17391,BRD
4,17391,CLR
5,17391,SHM
6,17391,MNK
7,17391,ROG
8,17391,BST
9,17391,PAL
0,16840,RNG
1,16840,MNK
2,16840,BRD
3,16840,ROG
4,16840,BST
0,17407,DRU
1,17407,WAR
2,17407,RNG
3,17407,BRD
4,17407,SHD
5,17407,CLR
6,17407,SHM
7,17407,MNK
8,17407,ROG
9,17407,BST
10,17407,PAL
0,16290,CLR
1,16290,DRU
2,16290,BRD
3,16290,ROG
4,16290,SHM
5,16290,NEC
6,16290,WIZ
7,16290,MAG
8,16290,ENC
0,16384,BST
0,16841,WAR
1,16841,RNG
2,16841,MNK
3,16841,BRD
4,16841,ROG
5,16841,BST
0,63487,DRU
1,63487,WAR
2,63487,SHD
3,63487,SHM
4,63487,ENC
5,63487,BST
6,63487,PAL
7,63487,BRD
8,63487,RNG
9,63487,BER
10,63487,NEC
11,63487,CLR
12,63487,MAG
13,63487,MNK
14,63487,ROG
0,65143,DRU
1,65143,WAR
2,65143,WIZ
3,65143,SHD
4,65143,SHM
5,65143,ENC
6,65143,BST
7,65143,PAL
8,65143,BER
9,65143,NEC
10,65143,CLR
11,65143,MAG
12,65143,MNK
0,33303,WAR
1,33303,CLR
2,33303,PAL
3,33303,SHD
4,33303,SHM
5,33303,BER
0,32841,WAR
1,32841,RNG
2,32841,MNK
3,32841,BER
0,64034,CLR
1,64034,DRU
2,64034,SHM
3,64034,WIZ
4,64034,MAG
5,64034,ENC
6,64034,BST
7,64034,BER
0,49766,CLR
1,49766,PAL
2,49766,DRU
3,49766,MNK
4,49766,SHM
5,49766,BST
6,49766,BER
0,49696,DRU
1,49696,SHM
2,49696,BST
3,49696,BER
0,34880,MNK
1,34880,WIZ
2,34880,BER
0,33791,DRU
1,33791,WAR
2,33791,RNG
3,33791,BRD
4,33791,BER
5,33791,SHD
6,33791,CLR
7,33791,SHM
8,33791,MNK
9,33791,ROG
10,33791,PAL
0,64576,MNK
1,64576,NEC
2,64576,WIZ
3,64576,MAG
4,64576,ENC
5,64576,BST
6,64576,BER
0,50769,WAR
1,50769,SHD
2,50769,MNK
3,50769,SHM
4,50769,NEC
5,50769,BST
6,50769,BER
0,49695,WAR
1,49695,CLR
2,49695,PAL
3,49695,RNG
4,49695,SHD
5,49695,SHM
6,49695,BST
7,49695,BER
0,50240,MNK
1,50240,NEC
2,50240,BST
3,50240,BER
0,49751,WAR
1,49751,CLR
2,49751,PAL
3,49751,SHD
4,49751,MNK
5,49751,SHM
6,49751,BST
7,49751,BER
0,65279,DRU
1,65279,WAR
2,65279,WIZ
3,65279,SHD
4,65279,SHM
5,65279,ENC
6,65279,BST
7,65279,PAL
8,65279,BRD
9,65279,RNG
10,65279,BER
11,65279,NEC
12,65279,CLR
13,65279,MAG
14,65279,MNK
0,4,PAL
0,49245,WAR
1,49245,PAL
2,49245,RNG
3,49245,SHD
4,49245,MNK
5,49245,BST
6,49245,BER
0,285,WAR
1,285,PAL
2,285,RNG
3,285,SHD
4,285,ROG
0,28,PAL
1,28,RNG
2,28,SHD
0,9,WAR
1,9,RNG
0,535,WAR
1,535,CLR
2,535,PAL
3,535,SHD
4,535,SHM
0,927,WAR
1,927,CLR
2,927,PAL
3,927,RNG
4,927,SHD
5,927,BRD
6,927,ROG
7,927,SHM
0,31,WAR
1,31,CLR
2,31,PAL
3,31,RNG
4,31,SHD
0,1,WAR
0,703,WAR
1,703,CLR
2,703,PAL
3,703,RNG
4,703,SHD
5,703,DRU
6,703,BRD
7,703,SHM
0,16412,PAL
1,16412,RNG
2,16412,SHD
3,16412,BST
0,831,WAR
1,831,CLR
2,831,PAL
3,831,RNG
4,831,SHD
5,831,DRU
6,831,ROG
7,831,SHM
0,785,WAR
1,785,SHD
2,785,ROG
3,785,SHM
0,575,WAR
1,575,CLR
2,575,PAL
3,575,RNG
4,575,SHD
5,575,DRU
6,575,SHM
0,567,WAR
1,567,CLR
2,567,PAL
3,567,SHD
4,567,DRU
5,567,SHM
0,48695,DRU
1,48695,WAR
2,48695,BER
3,48695,NEC
4,48695,WIZ
5,48695,SHD
6,48695,CLR
7,48695,SHM
8,48695,ENC
9,48695,MAG
10,48695,PAL
0,17281,WAR
1,17281,BRD
2,17281,ROG
3,17281,SHM
4,17281,BST
0,16861,WAR
1,16861,PAL
2,16861,RNG
3,16861,SHD
4,16861,MNK
5,16861,BRD
6,16861,ROG
7,16861,BST
0,32298,CLR
1,32298,RNG
2,32298,DRU
3,32298,SHM
4,32298,NEC
5,32298,WIZ
6,32298,MAG
7,32298,ENC
8,32298,BST
0,50653,WAR
1,50653,RNG
2,50653,BRD
3,50653,NEC
4,50653,BER
5,50653,SHD
6,50653,MNK
7,50653,ROG
8,50653,BST
9,50653,PAL
0,8866,CLR
1,8866,DRU
2,8866,BRD
3,8866,SHM
4,8866,ENC
0,48785,WAR
1,48785,SHD
2,48785,BRD
3,48785,SHM
4,48785,NEC
5,48785,WIZ
6,48785,MAG
7,48785,ENC
8,48785,BER
0,30384,SHD
1,30384,DRU
2,30384,BRD
3,30384,SHM
4,30384,NEC
5,30384,MAG
6,30384,ENC
7,30384,BST
0,674,CLR
1,674,DRU
2,674,BRD
3,674,SHM
0,15410,CLR
1,15410,SHD
2,15410,DRU
3,15410,NEC
4,15410,WIZ
5,15410,MAG
6,15410,ENC
0,13312,NEC
1,13312,MAG
2,13312,ENC
0,15376,SHD
1,15376,NEC
2,15376,WIZ
3,15376,MAG
4,15376,ENC
0,16512,BRD
1,16512,BST
0,65497,WAR
1,65497,WIZ
2,65497,SHD
3,65497,SHM
4,65497,ENC
5,65497,BST
6,65497,BRD
7,65497,RNG
8,65497,BER
9,65497,NEC
10,65497,MAG
11,65497,MNK
12,65497,ROG
0,32788,PAL
1,32788,SHD
2,32788,BER
0,50073,WAR
1,50073,RNG
2,50073,SHD
3,50073,BRD
4,50073,ROG
5,50073,SHM
6,50073,BST
7,50073,BER
0,32797,WAR
1,32797,PAL
2,32797,RNG
3,32797,SHD
4,32797,BER
